,0
0,2.950003473474851
1,3.002346557653084
2,1.6691245110036164
3,0.7071635222201564
4,0.11646359130270412
5,-0.5737154402511067
6,-0.8926334139388814
7,-1.3110304882629578
8,-1.8289066632233641
9,-2.3201274935045433
10,-2.440087265919715
11,-2.659526138971188
12,-2.9784441126589343
13,-3.2707067416674533
14,-3.662448471312274
15,-4.027534856277811
16,-4.365965896564106
17,-4.711539214931179
18,-6.310126264557908
19,-7.5729692967885
20,-8.500068311622925
21,-9.517129664782232
22,-10.198447000545428
23,-10.969726674633478
24,-11.830968687046436
25,-12.668105363555995
26,-13.169498022669444
27,-13.76085302010776
28,-14.44217035587097
29,-15.099382355730782
30,-15.846556693915474
31,-16.56962569619681
32,-17.268589362574758
33,-17.974012034241312
34,-13.072670397369365
35,-9.673656729121916
36,-7.7769710294990375
37,-5.477737763916494
38,-4.680832466958535
39,-3.4813796040409386
40,-1.8793791751636775
41,-0.3852410415004215
42,-0.39343087646169295
43,0.0009268545366580838
44,0.7978321514946316
45,1.4868751532386
46,2.578465720942262
47,3.5621939934318902
48,4.438059970707499
49,5.342827562879478
50,5.437201909088074
51,5.748720471104207
52,6.277383248927862
53,6.7478624094847675
54,7.4354857858492664
55,8.064925544947002
56,8.636181686778045
57,9.223028081868407
58,10.027018692766305
59,10.772825686397468
60,11.460449062761924
61,12.163662692385756
62,12.80869270474281
63,13.46931297035924
64,14.145523489234975
65,14.817556612340084
66,9.871313824212862
67,6.430483529355556
68,4.4950657277681785
69,2.1562738643334143
70,1.3228944941685796
71,0.08614106215634365
72,-1.5539864317032936
73,-3.0860301714432694
74,-3.112661417913273
75,-3.5426667262306637
76,-4.376046096395527
77,-5.1013417124406715
78,-6.230011390333232
79,-7.250597314106102
80,-8.163099483759325
81,-9.104562608043821
82,-7.670597204820552
83,-6.873125957220836
84,-6.712148865244686
85,-6.3806236782820775
86,-6.685592646943007
87,-6.820013520617493
88,-6.783886299305522
89,-6.793457302315815
90,-7.439522460949675
91,-7.915039524597077
92,-8.220008493258021
93,-8.570675686241245
94,-8.750794784238025
95,-8.97661210655707
96,-9.248127653198424
97,-9.507398397537074
98,-7.156076416035816
99,-5.504260647189923
100,-4.551951090999381
101,-3.4122094100273017
102,-2.9719739417106013
103,-2.344306348612321
104,-1.5292066307324745
105,-0.7643291993235266
106,-0.6989579805699151
107,-0.446154637034752
108,-0.005919168718051537
109,0.384094013127779
110,0.9615393197552038
111,1.4887623399117231
112,1.9657630735974152
113,2.4562208283849927
114,3.3982409813385743
115,4.219265354371316
116,4.9192939474832045
117,5.6517432621124755
118,6.263196796820907
119,6.907071053046678
120,7.58336603078984
121,8.250973902384374
122,8.79758599405806
123,9.376618807249109
124,9.988072341957533
125,10.590838770517351
126,11.22602592059453
127,11.852525964523096
128,12.470338902303055
129,13.090479543160086
130,0.4194521042684727
131,-8.690217581188172
132,-14.238529513209855
133,-20.741104379222747
134,-23.682321491800693
135,-27.57780153836984
136,-32.42754451893022
137,-37.02159351696067
138,-38.05428476155617
139,-40.041238940142854
140,-42.982456052720806
141,-45.667979182768846
142,-49.3077652468081
143,-52.69185732831748
144,-55.820255427296885
145,-59.01716652240472
146,-29.087640030175677
147,-8.034315737593545
148,4.1428063553416905
149,18.69829965952765
150,24.377590764066696
151,32.43525307985651
152,42.87128660689706
153,52.670037488581556
154,53.592586170619114
155,56.89350606390741
156,62.57279716844644
157,67.61480562762941
158,75.0351852980632
159,81.81828232314086
160,87.96409670286249
161,94.28067045275762
162,72.70866268048815
163,58.609377805132226
164,51.98281582668983
165,43.35394378275785
166,42.197794635739484
167,39.039335423231535
168,33.87856614523406
169,29.25431423228119
170,32.10278521624187
171,32.948946134713026
172,31.7927969876946
173,31.173165205720835
174,28.551223358257545
175,26.465798875838885
176,24.916891758464857
177,23.224225246401858
178,11.94234248680496
179,3.2298824767822225
180,-2.9131547836664424
181,-9.744666794877645
182,-14.006756056514746
183,-18.957320068914385
184,-24.59635883207656
185,-30.050921341762717
186,-32.93606110187477
187,-36.509675612749334
188,-40.77176487438646
189,-44.84937788254754
190,-49.61546564147115
191,-54.1970771469187
192,-58.594212398890264
193,-63.040777914003456
194,-48.189627760853654
195,-38.509284936780375
196,-33.99974944178351
197,-28.104700298743722
198,-27.38045848478042
199,-25.27070302277413
200,-21.77543391272482
201,-18.651412065770998
202,-20.6981975478936
203,-21.35946938197327
204,-20.635227568009938
205,-20.282233017142033
206,-18.54372481823117
207,-17.176463882415717
208,-16.18045020969565
209,-15.084961132636892
210,-11.162477074443942
211,-7.99748403845274
212,-5.589982024663257
213,-2.979510903201003
214,-1.126530803940554
215,0.9294184029927379
216,3.1883367175987445
217,5.392869623715413
218,6.839911507630319
219,8.48992249921804
220,10.342902598478531
221,12.141497289249628
222,14.143061087693525
223,16.09023947764804
224,17.98303245911316
225,19.89039796686302
226,15.587334485583682
227,12.948350436565562
228,11.973445819808632
229,10.552652463036083
230,10.795938538524737
231,10.593335873997788
232,9.944844469455134
233,9.41582859271385
234,10.550892148233814
235,11.240066963738144
236,11.483353039226799
237,11.846114642516781
238,11.762987505791145
239,11.799335896866822
240,11.955159815743826
241,12.078970363431168
242,10.709724185555984
243,9.740541351549155
244,9.171421861410636
245,8.495105721361298
246,8.218852925180315
247,7.835403479088498
248,7.344757383085891
249,6.882834542858205
250,6.820975046498859
251,6.651918900228679
252,6.375666104047696
253,6.128136563641618
254,5.773410373324765
255,5.447407438782804
256,5.150127760015764
257,4.845151708059859
258,-0.04347935647696488
259,-3.7039237620098504
260,-6.13618150853884
261,-8.897530878502593
262,-10.430693589462422
263,-12.292947923857028
264,-14.484293881686398
265,-16.587460004780596
266,-17.46243946887087
267,-18.666510556395934
268,-20.199673267355763
269,-21.64465614358039
270,-23.41873064323981
271,-25.10462530816404
272,-26.70234013835305
273,-28.323682684048073
274,-26.357687784170245
275,-25.352917055811602
276,-25.3093704989721
277,-25.008264701628804
278,-25.66838307580464
279,-26.070942209476655
280,-26.215942102644846
281,-26.429954786309224
282,-27.605191641492738
283,-28.522869256172427
284,-29.182987630348293
285,-29.912118795020334
286,-30.383690719188493
287,-30.92427543385287
288,-31.533872939013413
289,-32.1249785226931
290,-31.16281589894575
291,-30.616850237007412
292,-30.487081536878094
293,-30.245793196939772
294,-30.42070181881043
295,-30.484090800872075
296,-30.435960143124717
297,-30.417711082804402
298,-30.81565898429311
299,-31.102087245972797
300,-31.27699586784344
301,-31.481786087141124
302,-31.575056666629827
303,-31.698208843545558
304,-31.851242617888346
305,-31.996269642331974
306,-26.376220467285634
307,-22.3009188041965
308,-19.770364653064618
309,-16.825896653593816
310,-15.426176166080225
311,-13.612541830227698
312,-11.38499364603625
313,-9.268353343243291
314,-8.696460552407544
315,-7.710653913232875
316,-6.310933425719313
317,-5.022120819604211
318,-3.31939436515016
319,-1.7275757920945694
320,-0.24666510043749668
321,1.2639632684745834
322,19.501939903668344
323,33.257837079397774
324,42.53165479566292
325,53.0064420835036
326,58.99914991188004
327,66.19282731183203
328,74.5874742833596
329,82.6603224280491
330,86.25109111327433
331,91.04282937007508
332,97.0355371984515
333,102.70644619998987
334,109.57832477310379
335,116.12840451937973
336,122.3566854388176
337,128.67119209403202
338,99.48591288562668
339,79.81277263085603
340,69.65177132972005
341,56.94200007766507
342,53.74436777924481
343,47.9979655299055
344,39.70279332964711
345,32.09056197943022
346,33.99046958284799
347,33.34160723534674
348,30.143974936926455
349,27.629283488547628
350,22.565822089249806
351,18.185301539993418
352,14.487721840778477
353,10.607148692316713
354,9.56349603798165
355,7.759692828254032
356,5.195739063133857
357,2.8354670254572056
358,-0.28495556761205876
359,-3.201696433237771
360,-5.914755571419988
361,-8.682391063983673
362,-12.210177111939913
363,-15.534281432452616
364,-18.654704025521823
365,-21.829702972972512
366,-24.801020192979678
367,-27.826913767368254
368,-30.90738369613841
369,-33.97322993482618
370,-32.238559252356396
371,-31.790183202162694
372,-32.628101784245146
373,-33.12135875838071
374,-34.90091036479238
375,-36.335800363257135
376,-37.42602875377507
377,-38.60860894380437
378,-41.07748376610972
379,-43.201696980468256
380,-44.98124858687993
381,-46.85315199280295
382,-48.380393790779124
383,-49.99998738826663
384,-51.711932785265546
385,-53.39913259216587
386,-39.25034743058994
387,-29.34480165266862
388,-23.6824952584019
389,-16.88321629799303
390,-14.327176721238729
391,-10.63416457834225
392,-5.804179869303553
393,-1.2788460411790368
394,-0.9967515967091032
395,0.42231541390304983
396,2.978354990657337
397,5.229743686497514
398,8.618104948479868
399,11.701815329548054
400,14.480874829702145
401,17.341565287370585
402,11.301510876957735
403,7.646403865982734
404,6.376244254445567
405,4.467039913238352
406,4.942782971468915
407,4.779481300029431
408,3.9771348989198856
409,3.346020017052794
410,5.099852534623537
411,6.214640322524204
412,6.690383380754824
413,7.337357958227884
414,7.345287806030868
415,7.524449173076334
416,7.874842059364255
417,8.179353598352392
418,5.532886463438089
419,3.6771316810774266
420,2.612089251270376
421,1.3351760851512608
422,0.8489752715858003
423,0.15090372170828914
424,-0.7590385644813153
425,-1.6122102579763151
426,-1.6746695989176885
427,-1.9489996761710984
428,-2.4352004897365873
429,-2.8646307106074715
430,-3.5059316677904064
431,-4.090462032278737
432,-4.618221804072462
433,-5.161193210332549
434,-1.8763794846913555
435,0.3827823060570097
436,1.6162921619126038
437,3.1246246254381234
438,3.6073051540708434
439,4.364808290373482
440,5.397134034346109
441,6.35582128253175
442,6.288856595824562
443,6.496714516787328
444,6.979395045420077
445,7.388437078265824
446,8.072301718781503
447,8.682527863510202
448,9.219115512451936
449,9.775434536871629
450,-2.9164354958185186
451,-12.058463969481245
452,-17.650650884116565
453,-24.194014977751706
454,-27.187537512359427
455,-31.13223722596699
456,-36.02811411857439
457,-40.66912385420986
458,-41.76029203081791
459,-43.80263738642579
460,-46.796159921033514
461,-49.53481529866933
462,-53.22464785530495
463,-56.65961325496868
464,-59.83971149766049
465,-63.088101189240156
466,-36.459338196710846
467,-17.83613413802989
468,-7.218489013197285
469,5.544239162919737
470,10.301408405188425
471,17.203660698741544
472,26.250996043579107
473,34.72355811712728
474,35.19056125682714
475,37.80264744781144
476,42.55981669008014
477,46.74221266105951
478,53.06969168332324
479,58.8223974342977
480,64.00032991398277
481,69.33227242754077
482,54.25006133233899
483,44.63780621076921
484,40.495507062831564
485,34.887537629125404
486,34.74952416905131
487,33.14584042320877
488,30.076486391597683
489,27.399857529428573
490,30.193184640891502
491,31.520841466586006
492,31.382828006511943
493,31.637539715879853
494,30.426581139479282
495,29.608347732520627
496,29.18283949500392
497,28.65210086548791
498,17.039587781727732
499,8.396427213686138
500,2.7226191613630704
501,-3.7468244995901046
502,-7.246915644824696
503,-11.542642398689424
504,-16.634004761184173
505,-21.512177204877105
506,-23.420997132851483
507,-26.12545266945594
508,-29.62554381469056
509,-32.91244504112328
510,-36.99498187618609
511,-40.86432879244701
512,-44.520485789906076
513,-48.23376685394254
514,-36.597148320978675
515,-29.073522988929867
516,-25.6628908577961
517,-21.150185520002452
518,-20.750473383123875
519,-19.24868803958539
520,-16.644829489387007
521,-14.33627056491315
522,-16.140704841354363
523,-16.84306591113568
524,-16.44335377425709
525,-16.338941263103024
526,-15.132455545289048
527,-14.221269453199568
528,-13.605382986834556
529,-12.910371224231469
530,-9.537577737614171
531,-6.88229370145325
532,-4.944519115748804
533,-2.814488452232837
534,-1.4019672391733167
535,0.20281005169766786
536,1.999843420380202
537,3.745361928273141
538,4.7733709857096756
539,5.993636120957731
540,7.406157334017223
541,8.767163686287176
542,10.320426116368651
543,11.82217368566053
544,13.272406394162857
545,14.736442468011944
546,11.728602909131183
547,9.918998814692813
548,9.30763018469682
549,8.375195329661139
550,8.640995939067835
551,8.585730323434873
552,8.20939848276224
553,7.919096077805904
554,8.827029137291959
555,9.413895971738327
556,9.679696581145052
557,10.031526626268061
558,10.062290446351383
559,10.17908370215099
560,10.381906393666881
561,10.561677567357307
562,7.551960290087607
563,5.3968638675210485
564,4.096388299657633
565,2.5669177639417455
566,1.8920680829290006
567,0.9882234340637552
568,-0.1446161826540191
569,-1.2160967826649056
570,-1.432956527972621
571,-1.8788112411328655
572,-2.5536609221456104
573,-3.1671515864514816
574,-4.009637218609839
575,-4.79076383406133
576,-5.510531432805969
577,-6.2467401305255805
578,-6.028618973142983
579,-6.066209729747925
580,-6.359512400340407
581,-6.5842972700849245
582,-7.064794053816975
583,-7.476773036701054
584,-7.820234218737141
585,-8.182054690177608
586,-8.799587075605636
587,-9.348601660185672
588,-9.829098443917744
589,-10.32795451705418
590,-10.758292789342612
591,-11.206990351035444
592,-11.674047202132641
593,-12.136184696460326
594,-10.20522856419668
595,-8.915499936590237
596,-8.266998813641017
597,-7.446681298654276
598,-7.267591288324738
599,-6.916684885957672
600,-6.3939620915530995
601,-5.917277360641414
602,-6.0818201343869305
603,-6.074546516094934
604,-5.895456505765395
605,-5.7624045589287505
606,-5.457536220054585
607,-5.198705944673286
608,-4.985913732784887
609,-4.760785658962462
610,-3.685185751193174
611,-2.837469084515348
612,-2.2176356589290265
613,-1.5367411029236493
614,-1.0837297880097623
615,-0.5696573426768126
616,0.005476233075192738
617,0.564248528242473
618,0.895137582318263
619,1.2870877668131087
620,1.7400990817270099
621,2.1767491160562003
622,2.6744602808044178
623,3.1558101649679386
624,3.6207987685467415
625,4.090171364045361
626,4.5678081213496
627,5.043230503171898
628,5.5164385095122626
629,5.99023985597475
630,6.461826826955296
631,6.934007138057986
632,7.40678078928277
633,7.879395455501005
634,8.349795746237305
635,8.820789377095736
636,9.292376348076289
637,9.763804334050292
638,10.23582566014641
639,10.707688001235951
640,11.179391357318956
641,11.651137313306073
642,-0.6916076883686273
643,-9.600720186521919
644,-15.076200181153794
645,-21.4717192322095
646,-24.433605779743793
647,-28.315531383701902
648,-33.117496044083836
649,-37.672936982291894
650,-38.79474541697856
651,-40.836592908089024
652,-43.79847945562333
653,-46.51384228098376
654,-50.14924416276802
655,-53.53812232237841
656,-56.680476759814965
657,-59.88888702952312
658,-29.136264509766946
659,-7.483473300074607
660,5.069486599553883
661,20.0607389499734
662,25.952159990329122
663,34.2818734814759
664,45.04987942341373
665,55.16454687225114
666,56.179383011024754
667,59.632511600589396
668,65.5239326409451
669,70.76201518820041
670,78.43839018624683
671,85.46142669119288
672,91.83112470303851
673,98.37588423649458
674,74.3739997712697
675,58.55706389697238
676,50.925076613602585
677,41.099938965203535
678,39.45974990773212
679,35.62641048523133
680,29.599920697701265
681,24.16108377936081
682,26.90719545194787
683,27.46015675950565
684,25.81996770203415
685,24.767431513752257
686,21.521744960441083
687,18.86371127631952
688,16.793330461387654
689,14.56548853472654
690,5.797635741951126
691,-1.2178264207582288
692,-6.480897953401467
693,-12.213521140194786
694,-16.193753696921988
695,-20.64353790779927
696,-25.562873772826578
697,-30.356393651319706
698,-33.397522899746775
699,-36.90820380232391
700,-40.88843635905111
701,-44.74285292924415
702,-49.0668211535872
703,-53.26497339139608
704,-57.337309642670746
705,-61.44335818593217
706,-46.65612902510118
707,-36.93133836745865
708,-32.268986213004666
709,-26.250157749889084
710,-25.29376778996199
711,-22.98090152137337
712,-19.311558944123092
713,-16.00568309833065
714,-17.762245755726752
715,-18.16233210446123
716,-17.205942144534205
717,-16.61301891606496
718,-14.663619378934087
719,-13.07768657326109
720,-11.855220499045885
721,-10.535363807660985
722,-8.123696473227952
723,-6.0045789188873755
724,-4.1780111446392
725,-2.2730548930693715
726,-0.6606484215920858
727,1.0301465272069237
728,2.7993299533276286
729,4.54750925025408
730,6.003138767088089
731,7.537156761243764
732,9.149563232721107
733,10.740965575004225
734,12.41075639460901
735,14.059543085019541
736,15.68732564623582
737,17.3207362469074
738,13.166815245523779
739,10.563605073241945
740,9.511105730061942
741,8.04309467252989
742,8.125794444099697
743,7.792982501317439
744,7.044658844183175
745,6.407671215355194
746,7.321394415629044
747,7.819605901550858
748,7.902305673120608
749,8.096341472996684
750,7.874865558520739
751,7.764725672351119
752,7.76592181448774
753,7.737285557751235
754,5.7353920722844975
755,4.262231267714881
756,3.317803144042429
757,2.231701525511639
758,1.6743325878779984
759,0.975290155386034
760,0.13457422803573138
761,-0.6681804007784109
762,-0.942202348695389
763,-1.3578977914707195
764,-1.9152667291043457
765,-2.4346743682018044
766,-3.0957555021576155
767,-3.718875337577238
768,-4.3040338744606785
769,-4.899364110630508
770,-5.3091958704928786
771,-5.768731797279031
772,-6.277971890988994
773,-6.773893793311245
774,-7.319519862557279
775,-7.851827740415629
776,-8.370817426886305
777,-8.89337571198395
778,-9.46563816400537
779,-10.024582424639114
780,-10.570208493885154
781,-11.119403161758171
782,-11.655279638243499
783,-12.194724713355804
784,-12.737738387095106
785,-13.279795857714177
786,-11.428086672698868
787,-10.217785329929342
788,-9.648891829405606
789,-8.908133615533124
790,-8.808783243906419
791,-8.53756815893096
792,-8.09448836060676
793,-7.697459573431772
794,-7.941838628502552
795,-8.014352970224593
796,-7.91500259859788
797,-7.861703238120384
798,-7.636539164294149
799,-7.457426101617102
800,-7.324364050089258
801,-7.178962667313364
802,-5.938251728732013
803,-4.9910281010908335
804,-4.337291784389805
805,-3.604915779733574
806,-3.1660270860175075
807,-2.648498704346231
808,-2.0523306347197803
809,-1.477234005973962
810,-1.1956246881682873
811,-0.8353756824074168
812,-0.39648698869135046
813,0.02133026414409045
814,0.517787204934713
815,0.9931727048447172
816,1.447486763874089
817,1.9074468984707948
818,2.039487146689879
819,2.259393263645947
820,2.5671652493390056
821,2.8513936464617373
822,3.2234879123214455
823,3.5720385896108198
824,3.89704567832986
825,4.228361252593274
826,4.647542695593636
827,5.043180550023678
828,5.415274815883386
829,5.793677567287439
830,6.148536730121172
831,6.509704378499244
832,6.877180512421681
833,7.242966292737037
834,-1.8098133490936448
835,-8.338895992200598
836,-12.344281636583815
837,-17.025889853715903
838,-19.183801072124268
839,-22.017934863281525
840,-25.52829122718761
841,-28.857454298821956
842,-29.66292037173259
843,-31.144609017392085
844,-33.30252023580046
845,-35.27923816193706
846,-37.932178660822544
847,-40.403925867436264
848,-42.69447978177824
849,-45.033584292458364
850,-16.30249602469476
851,4.10335917940553
852,16.18398131984256
853,30.49534293648904
854,36.48147148947221
855,44.698339518664824
856,55.14594702406691
857,64.99582968829444
858,66.5204792888587
859,70.27586836563239
860,76.26199691861558
861,81.6504006304242
862,89.26954381844229
863,96.29096216528586
864,102.71465567095481
865,109.2985090651126
866,82.0738716639584
867,63.90819206872308
868,54.801470279406686
869,43.267408061726684
870,40.79230364996559
871,35.88985880984089
872,28.560073541352608
873,21.880692180399762
874,24.26026862536574
875,24.212504641968167
876,21.737400230207015
877,19.912699725981298
878,15.660658793392031
879,12.05902176833817
880,9.10778865081977
881,5.982280331523242
882,-0.48980275845320875
883,-6.065173841215596
884,-10.74383291676395
885,-15.662765250488633
886,-19.68498557699921
887,-23.94747916168606
888,-28.450246004549257
889,-32.88863182192135
890,-36.430305632079396
891,-40.2122527004137
892,-44.23447302692429
893,-48.19231232794378
894,-52.390424887139545
895,-56.52415642084418
896,-60.59350692905767
897,-64.6801082810594
898,-49.932701430815996
899,-40.23185186860532
900,-35.57755959442737
901,-29.571046370363646
902,-28.611090434332667
903,-26.298913548415925
904,-22.63451571261338
905,-19.332444388321193
906,-21.076930352061723
907,-21.469195365916505
908,-20.50923942988554
909,-19.911610005364892
910,-17.961759630958454
911,-16.37423576806235
912,-15.149038416676603
913,-13.826755969135291
914,-9.86389446972943
915,-6.608573994821256
916,-4.060794544410683
917,-1.3234300478740693
918,0.7063934241648866
919,2.9258019423298833
920,5.334795506620921
921,7.692989910905439
922,9.343643290692341
923,11.18388171660527
924,13.21370518864424
925,15.19272950067672
926,17.361338858835225
927,19.479149056987225
928,21.54616009513275
929,23.626782727178195
930,18.736860490158364
931,15.714690121609479
932,14.560271621531527
933,12.905390516635066
934,13.11826128020958
935,12.830669438965572
936,12.042614992903054
937,11.388659097643597
938,12.602455070855129
939,13.315788439248124
940,13.528659202822624
941,13.875628517200226
942,13.722135226759306
943,13.702740487121474
944,13.817444298286759
945,13.896216511058157
946,13.281529044656054
947,12.85265353927202
948,12.609589994906102
949,12.316738285641328
950,12.20969853739463
951,12.052870624249095
952,11.846254546204733
953,11.652979166737651
954,11.645515748288652
955,11.588264164940824
956,11.481224416694126
957,11.387525367024715
958,11.244038152456476
959,11.113891636465496
960,10.997085819051776
961,10.87670537222781
962,3.6516962072462533
963,-1.669633430181996
964,-5.087283540056973
965,-9.015023041987511
966,-11.039083016364756
967,-13.573232382797578
968,-16.61747114128596
969,-19.52503185910537
970,-20.528913049371475
971,-22.04288363169315
972,-24.066943606070396
973,-25.954325539778672
974,-28.351796865542518
975,-30.612590150637402
976,-32.7367053950633
977,-34.89744341010951
978,-32.7071411582894
979,-31.682696632211417
980,-31.824109831875553
981,-31.653132395437524
982,-32.64801268474161
983,-33.330502337943514
984,-33.700601355043226
985,-34.15440519080955
986,-35.77406675231801
987,-37.081337677724285
988,-38.07621796702837
989,-39.15480307499908
990,-39.92099754686761
991,-40.770896837402766
992,-41.70450094660453
993,-42.61567641724197
994,-42.70831291077876
995,-43.02027626220307
996,-43.5515664715149
997,-44.024088226377316
998,-44.71593683912723
999,-45.34901699742775
1000,-45.92332870127888
1001,-46.513387365040145
1002,-47.32277288668888
1003,-48.073389953888224
1004,-48.76523856663816
1005,-49.472834139298264
1006,-50.121661257508926
1007,-50.786235335629755
1008,-51.466556373660694
1009,-52.14265802650048
1010,-35.25366326923496
1011,-23.071221910031994
1012,-15.595333948891493
1013,-6.858328805606206
1014,-2.827877060383514
1015,2.4636918669840213
1016,9.0163779764964
1017,15.231148755492043
1018,16.73936613642519
1019,19.50870069950311
1020,23.53915244472587
1021,27.231688859431884
1022,32.18534245628274
1023,36.80108072261686
1024,41.07890365843427
1025,45.44727073417374
1026,48.68590798817527
1027,52.227255435576865
1028,56.07131307637849
1029,59.83425976531788
1030,63.899916647657335
1031,67.88446257813453
1032,71.78789755674957
1033,75.71306614941335
1034,79.94094493547723
1035,84.08771276967887
1036,88.15336965201833
1037,92.2407601484066
1038,96.24703969293259
1039,100.27505285150741
1040,104.32479962413103
1041,108.36872289242167
1042,84.56537651994529
1043,68.22368355912417
1044,59.343644009958325
1045,48.4642604549385
1046,45.04653031157389
1047,39.62945616235534
1048,32.21303800728285
1049,25.332342463970917
1050,25.913300332314208
1051,24.4949141948036
1052,21.077184051439005
1053,18.195176519835
1054,13.313824982377014
1055,8.968196056679645
1056,5.158289742742809
1057,1.2048369876176537
1058,1.5532480082958955
1059,0.7489781042988852
1060,-1.2079727243733345
1061,-2.8560636301480713
1062,-5.656835460598018
1063,-8.148747368150481
1064,-10.331799352805461
1065,-12.597610104375164
1066,-16.01610178062009
1067,-19.125733533967505
1068,-21.926505364417466
1069,-24.81003596178212
1070,-27.38470663624932
1071,-30.042136077631213
1072,-32.78232428592783
1073,-35.50033734946305
1074,-30.803608954363
1075,-28.093654545189835
1076,-27.370474121943573
1077,-26.114939213625064
1078,-26.846178291233386
1079,-27.045062883769447
1080,-26.711592991233246
1081,-26.52076705305926
1082,-28.316715100812146
1083,-29.580308663492758
1084,-30.31154774110111
1085,-31.185430773071644
1086,-31.52695931996992
1087,-32.01113182123038
1088,-32.63794827685308
1089,-33.22654340009919
1090,-25.986794691449603
1091,-20.84464439062961
1092,-17.80009249763927
1093,-14.193490805226148
1094,-12.684487520642648
1095,-10.613434436636396
1096,-7.980331553207392
1097,-5.497829459639789
1098,-5.1129257739018215
1099,-4.165972288741102
1100,-2.6569690041576166
1101,-1.2985665094355312
1102,0.6218857847093204
1103,2.391737288992772
1104,4.010988003414795
1105,5.670592077859681
1106,1.4084349563568423
1107,-1.2669910349218299
1108,-2.3556858959763645
1109,-3.8695440819797824
1110,-3.7966711377590485
1111,-4.148961518487184
1112,-4.9264152241642165
1113,-5.589946760269868
1114,-4.6667471661513815
1115,-4.168710896981764
1116,-4.0958379527610305
1117,-3.909042838968915
1118,-4.147411050125683
1119,-4.271857091711055
1120,-4.282380963725046
1121,-4.323430189075694
1122,-4.56317155406326
1123,-4.749673520692696
1124,-4.8829360889640085
1125,-5.030464111030909
1126,-5.12475273473968
1127,-5.233306812244038
1128,-5.35612634354397
1129,-5.475123458019681
1130,-5.540881174137304
1131,-5.620904344050508
1132,-5.715192967759279
1133,-5.805659174643864
1134,-5.910390835324023
1135,-6.011300079179989
1136,-6.108386906211763
1137,-6.206497946744719
1138,-3.9716129011755896
1139,-2.3618522728224747
1140,-1.3772160616854023
1141,-0.22507826778630857
1142,0.3019351088967568
1143,0.9964500683418294
1144,1.8584666105489234
1145,2.67560123892401
1146,2.8676114500830323
1147,3.2271232440040905
1148,3.7541366206871487
1149,4.236268083538185
1150,4.885901129151264
1151,5.490652260932308
1152,6.050521478881336
1153,6.622416769396416
1154,-1.9665824990591503
1155,-8.100927468491854
1156,-11.780618138901715
1157,-16.118031446432326
1158,-18.000790454940095
1159,-20.54127210056862
1160,-23.73947638331792
1161,-26.761444416607013
1162,-27.328758150873256
1163,-28.553794522260276
1164,-30.436553530768037
1165,-32.143076289815625
1166,-34.50732168598398
1167,-36.695330832692164
1168,-38.70710372994019
1169,-40.76609898790812
1170,-13.683566633775413
1171,5.590516930485677
1172,17.056151704875134
1173,30.61405402665048
1174,36.36350755855413
1175,44.20522863784373
1176,54.13921726451915
1177,63.51258449152273
1178,65.0775029286547
1179,68.7346889131725
1180,74.48414244507617
1181,79.67297457730797
1182,86.95407425692565
1183,93.6745525368714
1184,99.83440941714528
1185,106.14448434872085
1186,80.23248607013679
1187,62.95436628667147
1188,54.310124998324966
1189,43.35244293966292
1190,41.028639376119685
1191,36.391395042260996
1192,29.440709938086712
1193,23.10990942005577
1194,25.412987397143553
1195,25.402624603915825
1196,23.07882104037259
1197,21.374902062972637
1198,17.357542315257177
1199,13.960067153685003
1200,11.182476578256114
1201,8.238788428569592
1202,1.3076153876040735
1203,-4.555114296911938
1204,-9.349400624978415
1205,-14.429975487563922
1206,-18.44210699369995
1207,-22.740527034354997
1208,-27.32523560952913
1209,-31.833233403076548
1210,-35.2727878401745
1211,-38.9986308117915
1212,-43.01076231792746
1213,-46.9461830424368
1214,-51.16789230146523
1215,-55.31289077886696
1216,-59.381178474641956
1217,-63.47002076240463
1218,-49.49404602008295
1219,-40.35852441238836
1220,-36.06345593932083
1221,-30.471391957829326
1222,-29.719781110964874
1223,-27.671174755676418
1224,-24.325572891963915
1225,-21.327499927320446
1226,-23.169880097304073
1227,-23.715264758863654
1228,-22.96365391199923
1229,-22.559571964203826
1230,-20.85849450798439
1231,-19.504945950833942
1232,-18.498926292752515
1233,-17.39978654681906
1234,-12.707417739908081
1235,-8.97785175810607
1236,-6.211088601413024
1237,-3.1863432052615934
1238,-1.124400634219171
1239,1.1955241762816087
1240,3.7734312262407457
1241,6.282212143475434
1242,7.8281902356011415
1243,9.632150567185192
1244,11.694093138227629
1245,13.686909576545602
1246,15.937708254321947
1247,18.119380799373843
1248,20.231927211701304
1249,22.362995915468147
1250,17.887332093965924
1251,15.181936917217982
1252,14.246810385224322
1253,12.837341799482616
1254,13.198141858495205
1255,13.084599863759735
1256,12.49671581527619
1257,12.035931337030576
1258,13.345415503539243
1259,14.180557616299893
1260,14.541357675312469
1261,15.029257304562947
1262,15.042814880065379
1263,15.183472025805706
1264,15.451228741783979
1265,15.684929230558666
1266,15.277301296515745
1267,15.04151679544993
1268,14.977575727361234
1269,14.867589350181731
1270,14.929446405979292
1271,14.945258152686066
1272,14.915024590302025
1273,14.897128831304109
1274,15.051076505283298
1275,15.15897887017168
1276,15.22083592596924
1277,15.295030785152939
1278,15.32318033524583
1279,15.363667688724853
1280,15.416492845589985
1281,15.466012098001428
1282,6.9502760945197295
1283,0.7295933198210349
1284,-3.1960362260946766
1285,-7.736623431249214
1286,-9.982157407620768
1287,-12.84264904323117
1288,-16.318098338080397
1289,-19.628770224757247
1290,-20.644388882651107
1291,-22.274965199783807
1292,-24.52049917615534
1293,-26.60125574435451
1294,-29.29696997179252
1295,-31.82790679105816
1296,-34.1940662021514
1297,-36.60437758669533
1298,-34.671656321605056
1299,-33.90264714768628
1300,-34.29735006493895
1301,-34.38023726713993
1302,-35.62683656051237
1303,-36.561620138833064
1304,-37.18458800210205
1305,-37.89110663440649
1306,-39.7613373578824
1307,-41.319752366306574
1308,-42.56635165967903
1309,-43.89650172208691
1310,-44.914836069443055
1311,-46.016721185834676
1312,-47.20215707126172
1313,-48.36520559559874
1314,-48.53728684215855
1315,-48.97489697052444
1316,-49.67803598069635
1317,-50.31002674142121
1318,-51.20754638395218
1319,-52.033917777036045
1320,-52.78914092067282
1321,-53.563428180291844
1322,-54.603244321716915
1323,-55.57191221369491
1324,-56.46943185622585
1325,-57.386015614739016
1326,-58.23145112380513
1327,-59.095950748853454
1328,-59.97951448988402
1329,-60.857970016432716
1330,-39.707251442741025
1331,-24.459232279133346
1332,-15.11391252560972
1333,-4.186969231990403
1334,0.8372746515449023
1335,7.443142075175885
1336,15.630633038902545
1337,23.394329252330493
1338,25.255326055674473
1339,28.697946399114116
1340,33.72219028264942
1341,38.322639415886016
1342,44.504712089218344
1343,50.26299001225195
1344,55.59747318498685
1345,61.04551181882087
1346,59.34475165399789
1347,59.55950635412762
1348,61.689775919210064
1349,63.30678482313863
1350,66.8393085920199
1351,69.85857169974724
1352,72.36457414632076
1353,75.0081043725571
1354,79.5671494637462
1355,83.61293389378136
1356,87.14545766266264
1357,90.81550921120675
1358,93.972300098597
1359,97.26661876565005
1360,100.69846521236603
1361,104.09346120158449
1362,82.2966410307301
1363,67.24994765584054
1364,58.953381076915875
1365,48.848123474204726
1366,45.49299266745834
1367,40.3291708369255
1368,33.35665798260622
1369,26.86878242746792
1370,27.131033668294492
1371,25.5845938853346
1372,22.22946307858821
1373,19.358969571022854
1374,14.679785039671017
1375,10.485237807500184
1376,6.77532787451041
1377,2.9355597685830475
1378,3.154777630181769
1379,2.286393479692606
1380,0.33040731711560056
1381,-1.3341567646360346
1382,-4.086322858475512
1383,-6.547066871489577
1384,-8.716388803678257
1385,-10.963797047080703
1386,-14.298807302571007
1387,-17.342395477235897
1388,-20.09456157107539
1389,-22.924813976128604
1390,-25.463644300356492
1391,-28.080560935798104
1392,-30.775563882453454
1393,-33.44964366507918
1394,-28.806618262093295
1395,-26.124205284525615
1396,-25.402404732376127
1397,-24.155259664165413
1398,-24.868727021372948
1399,-25.05684986251923
1400,-24.719628187604258
1401,-24.523172151516036
1402,-26.28732854084599
1403,-27.52614041411475
1404,-28.239607771322255
1405,-29.09384076735651
1406,-29.422729247329485
1407,-29.892383366129224
1408,-30.502803123755697
1409,-31.075504842136482
1410,-23.142765770732893
1411,-17.489052690222763
1412,-14.114365600606106
1413,-10.129015337199974
1414,-8.422691064687328
1415,-6.105703618385249
1416,-3.17805299829368
1417,-0.4140290824664419
1418,0.07096884246732316
1419,1.1666299411905356
1420,2.87295421370321
1421,4.415651781951553
1422,6.569012523989343
1423,8.558746561762845
1424,10.38485389527203
1425,12.254804872049007
1426,8.386909458355916
1427,6.056465351283137
1428,5.263472550830599
1429,4.0585209143670085
1430,4.391020584523702
1431,4.311561418669299
1432,3.820143416803859
1433,3.439109452362416
1434,4.595526794541243
1435,5.339985300709017
1436,5.672484970865696
1437,6.115368678446416
1438,6.146293550016068
1439,6.2876024590097614
1440,6.539295405427467
1441,6.761411038160119
1442,6.738713380873634
1443,6.781613246944197
1444,6.890110636371773
1445,6.981031222390357
1446,7.137549331765975
1447,7.276490637732614
1448,7.397855140290211
1449,7.523929333126787
1450,7.715601049320412
1451,7.889695962105037
1452,8.046214071480662
1453,8.207441871135238
1454,8.351092867380814
1455,8.499453553905369
1456,8.652523930708874
1457,8.804332349805534
1458,11.282839927716047
1459,13.137910344992228
1460,14.36954360163405
1461,15.768226341999409
1462,16.543471921730415
1463,17.485766985184924
1464,18.595111532363006
1465,19.65969530528131
1466,20.100841917565255
1467,20.709038013572737
1468,21.48428359330373
1469,22.214768398774986
1470,23.112302687969766
1471,23.965076202904783
1472,24.773088943580056
1473,25.593095297570827
1474,13.805217174883225
1475,5.395611515986474
1476,0.36427832088060086
1477,-5.57226025271035
1478,-8.130526362510423
1479,-11.593997850795567
1480,-15.96267471756579
1481,-20.088802534186605
1482,-20.836657887016614
1483,-22.489718618331636
1484,-25.04798472813173
1485,-27.363701787782418
1486,-30.584624225918233
1487,-33.56299761390463
1488,-36.29882195174165
1489,-39.099637111691116
1490,-39.261114367686176
1491,-40.12980008359869
1492,-41.705694259428626
1493,-43.092092499543234
1494,-45.18569919957529
1495,-47.089809963892
1496,-48.804424792493364
1497,-50.56981490403866
1498,-53.04241347550135
1499,-55.325516111248724
1500,-57.419122811280786
1501,-59.56350479425675
1502,-61.51839084151736
1503,-63.524052171721884
1504,-65.58048878487031
1505,-67.62332020195842
1506,-57.545394612297116
1507,-50.71521607424819
1508,-47.132784587811656
1509,-42.68012190167502
1510,-41.47520626715077
1511,-39.400059432926426
1512,-36.45468139900197
1513,-33.74248111226552
1514,-34.27802787714147
1515,-33.943343442317314
1516,-32.73842780779309
1517,-31.766689920456855
1518,-29.92472083342051
1519,-28.315929493572185
1520,-26.940315900911855
1521,-25.502222519199606
1522,-8.660490843310939
1523,4.053848391152002
1524,12.64079518418933
1525,22.33367344875296
1526,27.89915927189091
1527,34.57057656655519
1528,42.3479253327458
1529,49.82894065425677
1530,53.182563534341995
1531,57.64211788595355
1532,63.2076037090915
1533,68.47675608754977
1534,74.85183993753446
1535,80.9305903428394
1536,86.71300730346474
1537,92.57482657128236
1538,70.63998028128537
1539,56.15322807978285
1540,49.11456996677475
1541,40.08020105760353
1542,38.49392623692667
1543,34.91194062008671
1544,29.334244207083742
1545,24.29129689023867
1546,26.69644366188804
1547,27.10587963737433
1548,25.519604816697495
1549,24.46807909217864
1550,21.420842571496706
1551,18.90835514697274
1552,16.930616818606765
1553,14.809592901771964
1554,13.107395424772903
1555,11.292973741451064
1556,9.36632785180646
1557,7.469752347617259
1558,5.460952637105265
1559,3.482223312048646
1560,1.5335643724474721
1561,-0.4231519026525774
1562,-2.49209238407542
1563,-4.530962480042874
1564,-6.5397621905548675
1565,-8.556619236565737
1566,-10.543405897121204
1567,-12.538249893175518
1568,-14.54115122472875
1569,-16.541893599741897
1570,-12.96010149785046
1571,-10.874145000764514
1572,-10.284024108484047
1573,-9.293095273886237
1574,-9.79800204409392
1575,-9.902100871984231
1576,-9.605391757557214
1577,-9.416078807594118
1578,-10.722601462436458
1579,-11.628316174961455
1580,-12.133222945169123
1581,-12.745525879840699
1582,-12.957020872194917
1583,-13.275912029013071
1584,-13.702199350295118
1585,-14.09970995603885
1586,-9.677309713422758
1587,-6.546400690214682
1588,-4.70698288641465
1589,-2.521511053342337
1590,-1.6275304396780257
1591,-0.38749579674149004
1592,1.1985928754673552
1593,2.6919566499951344
1594,2.893829205114855
1595,3.441755789506857
1596,4.33573640317114
1597,5.136992119154371
1598,6.284301864409912
1599,7.338886711984401
1600,8.300746661877795
1601,9.287452173223144
1602,4.710892588336222
1603,1.6250053932649848
1604,0.02979058800941914
1605,-1.9648486802766314
1606,-2.468815558746982
1607,-3.372206900247818
1608,-4.675022704779153
1609,-5.870813047004248
1610,-5.5759309994136
1611,-5.680473414853481
1612,-6.184440293323803
1613,-6.581381709487914
1614,-7.37774758868251
1615,-8.067088005570852
1616,-8.649402960152926
1617,-9.260395300929545
1618,-9.37209825594097
1619,-9.617585398657639
1620,-9.996856729079497
1621,-10.340280694445667
1622,-10.817488847517083
1623,-11.258849635532826
1624,-11.664363058492896
1625,-12.079481753970413
1626,-12.628384637153147
1627,-13.14144015528018
1628,-13.618648308351581
1629,-14.105461733940444
1630,-14.55642779447362
1631,-15.016999127524258
1632,-15.487175733092343
1633,-15.95477861364629
1634,-14.03369841848047
1635,-12.752663924427651
1636,-12.111675131487829
1637,-11.299186609815763
1638,-11.126743789256722
1639,-10.782801239965437
1640,-10.267358961941895
1641,-9.797869897734344
1642,-9.968426534639747
1643,-9.96748344281292
1644,-9.795040622253865
1645,-9.668551015510772
1646,-9.370561680035436
1647,-9.118525558376078
1648,-8.912442650532654
1649,-8.694046616157635
1650,-9.269907394416293
1651,-9.632947701146833
1652,-9.783167536349282
1653,-9.9904124450305
1654,-9.9848368821836
1655,-10.036286392815484
1656,-10.1447609769261
1657,-10.23795573864978
1658,-10.118330028845335
1659,-10.055729392519652
1660,-10.050153829672752
1661,-10.029298444438894
1662,-10.065468132683804
1663,-10.086357998541736
1664,-10.091968042012724
1665,-10.101672301552789
1666,-5.08621771566817
1667,-1.417250384253208
1668,0.9052296926920889
1669,3.5884999420913317
1670,4.925282937020924
1671,6.622856104404448
1672,8.681219444241904
1673,10.64290934873327
1674,11.25811199875497
1675,12.23410482123063
1676,13.570887816160209
1677,14.810997375743668
1678,16.411897107781115
1679,17.91612340447243
1680,19.323676265817596
1681,20.757132696093294
1682,32.50669895210372
1683,41.492071911277776
1684,47.71325157361545
1685,54.67509459756393
1686,58.87274432467595
1687,63.81105741339891
1688,69.49003386373269
1689,74.97055016445951
1690,77.68687316834993
1691,81.14385953385121
1692,85.34150926096328
1693,89.34069883846838
1694,94.08055177758442
1695,98.62194456709346
1696,102.96487720699554
1697,107.36098708371458
1698,79.57472600259351
1699,60.41170523014449
1700,49.87192476636761
1701,37.02155402574253
1702,32.794423593789475
1703,26.256702884988286
1704,17.40839189933888
1705,9.179201712410148
1706,9.573251834153467
1707,7.6567116790486125
1708,3.429581247095598
1709,-0.1784283861367726
1710,-6.0970282962173314
1711,-11.396507407577175
1712,-16.076865720216404
1713,-20.92311695089009
1714,-21.490304628379505
1715,-23.204063929306088
1716,-26.064394853669853
1717,-28.617502837469203
1718,-32.31718244470571
1719,-35.70963911137781
1720,-38.7948728374855
1721,-41.96242670241371
1722,-46.2765521907791
1723,-50.28345473858002
1724,-53.98313434581658
1725,-57.76513409187369
1726,-61.239910897366315
1727,-64.79700784167956
1728,-68.43642492481331
1729,-72.05378439322931
1730,-56.3499518550734
1731,-45.82321711188513
1732,-40.47358016366441
1733,-33.736744042145205
1734,-32.177005715593594
1735,-29.2300682157435
1736,-24.895931542594838
1737,-20.93349376767266
1738,-22.148153787718087
1739,-21.975614634465003
1740,-20.415876307913393
1741,-19.227836879588253
1742,-16.6525982779646
1743,-14.449058574567388
1744,-12.617217769396618
1745,-10.685780544618538
1746,-9.040611074116981
1747,-7.318736390037969
1748,-5.5201564923814885
1749,-3.742129694758347
1750,-1.8873976835577366
1751,-0.05321877239045136
1752,1.7604070387434803
1753,3.5795400364333005
1754,5.47537824770059
1755,7.350663358934526
1756,9.20539537013515
1757,11.06563456789165
1758,12.90532066561481
1759,14.750513949893858
1760,16.601214420728795
1761,18.450439245373516
1762,13.397203443750044
1763,10.193476392722758
1764,8.839258092291658
1765,6.989465415744007
1766,6.989181489792571
1767,6.49332318772457
1768,5.501890509540019
1769,4.643246585225455
1770,5.634111411507064
1771,6.129401861672136
1772,6.1291179357206715
1773,6.2616227636391955
1774,5.898553215441169
1775,5.6682724211131585
1776,5.570780380655094
1777,5.437707700833641
1778,6.94487655862396
1779,8.012544021019217
1780,8.64071008801941
1781,9.386640198988061
1782,9.693068914561692
1783,10.117261674103773
1784,10.659218477614274
1785,11.169620500646026
1786,11.24052112828273
1787,11.429185799887883
1788,11.73561451546147
1789,12.010488450556302
1790,12.40312642961959
1791,12.7642096282041
1792,13.09373804630986
1793,13.43172154236224
1794,1.8627692853382314
1795,-6.515729152319665
1796,-11.70377377061152
1797,-17.746697913291293
1798,-20.59916823660499
1799,-24.306518084306617
1800,-28.86874745639618
1801,-33.201912550300094
1802,-34.34462382483795
1803,-36.34221462376372
1804,-39.19468494707742
1805,-41.81809099220544
1806,-45.296376561721424
1807,-48.54559785305173
1808,-51.56575486619643
1809,-54.64728946769578
1810,-39.716156383514075
1811,-29.611503059240803
1812,-24.333329494875954
1813,-17.76190457655845
1814,-16.01695941814937
1815,-12.978762905787704
1816,-8.647315039473398
1817,-4.66239282906119
1818,-5.5039503785573345
1819,-5.0522565741008805
1820,-3.3073114156917995
1821,-1.9088919131847888
1822,0.782778943274792
1823,3.1279241438323027
1824,5.126543688487857
1825,7.218014502799008
1826,17.07802766495405
1827,24.856466178637334
1828,30.553330043848888
1829,36.807950155103526
1830,40.98099561788641
1831,45.71179732671243
1832,51.000355281581534
1833,56.139462900749976
1834,59.1969958714466
1835,62.81228508818637
1836,66.98533055096925
1837,71.00892567805144
1838,75.5902770511768
1839,80.02217808860149
1840,84.3046287903255
1841,88.62712458880907
1842,59.403335783776754
1843,39.168246847321086
1844,27.921857779442178
1845,14.266953840772402
1846,9.600749770679215
1847,2.526030829795218
1848,-6.957202981879647
1849,-15.795077178967745
1850,-15.64425150747914
1851,-17.901940706781403
1852,-22.568144776874533
1853,-26.588989232380925
1854,-33.01834855867817
1855,-38.80234827038865
1856,-43.940988367512375
1857,-49.25255205219224
1858,-36.27250672627241
1859,-28.193683263008637
1860,-25.016081662400865
1861,-20.525201621768687
1862,-20.93554344379254
1863,-20.03260682579193
1864,-17.816391767766888
1865,-15.95206860718362
1866,-18.988967309256324
1867,-20.71258757130464
1868,-21.122929393328505
1869,-21.885163112794118
1870,-21.334118392235254
1871,-21.13496556911815
1872,-21.287704643442837
1873,-21.346154568024915
1874,-16.60620622188155
1875,-13.151984817341969
1876,-10.983490354406158
1877,-8.470486395780668
1878,-7.243209378758962
1879,-5.6714228660475925
1880,-3.755126857646573
1881,-1.9311418904004256
1882,-1.392883864758062
1883,-0.5101163434260485
1884,0.7171606735956573
1885,1.8521266494624342
1886,3.3316021210188893
1887,4.718766551420458
1888,6.013619940667141
1889,7.333207998843733
1890,8.079050452687255
1891,8.978627577872729
1892,10.031939374400167
1893,11.044058089892857
1894,12.209911476727484
1895,13.33457178252739
1896,14.418039007292563
1897,15.512543884854722
1898,16.760783433758846
1899,17.967829901628207
1900,19.133683288462848
1901,20.310574328094475
1902,21.44627228669141
1903,22.593007898085347
1904,23.75078116227627
1905,24.90559689631391
1906,23.073448292302224
1907,22.041654370491415
1908,21.810215130881495
1909,21.364321500517377
1910,21.718782552354128
1911,21.858789213436687
1912,21.78434148376506
1913,21.767356634909326
1914,22.550726468254453
1915,23.119641910845424
1916,23.474102962682167
1917,23.886026895334822
1918,24.083496437233293
1919,24.338428859947655
1920,24.650824163477907
1921,24.947822334498767
1922,12.806146474534046
1923,3.9974032760858904
1924,-1.4784072608456995
1925,-7.847274412857956
1926,-10.883208903353633
1927,-14.812200008929992
1928,-19.634247729587045
1929,-24.21700165143797
1930,-25.46682291177231
1931,-27.60970078718732
1932,-30.645635277683027
1933,-33.44227596937259
1934,-37.131973276142816
1935,-40.58237678410694
1936,-43.79348649326491
1937,-47.068714782566744
1938,-47.182564804149635
1939,-48.143503579537125
1940,-49.95153110872923
1941,-51.532581890421895
1942,-53.96072142591913
1943,-56.16188421391694
1944,-58.13607025441536
1945,-60.171074531106875
1946,-63.05316756160297
1947,-65.70828384459966
1948,-68.13642338009691
1949,-70.62538115178728
1950,-72.88736217597818
1951,-75.21016143636223
1952,-77.59377893293939
1953,-79.96110023224354
1954,-54.745319328411114
1955,-36.92040838465425
1956,-26.486367400972938
1957,-14.07194878012595
1958,-9.048400119354511
1959,-2.0444738214174265
1960,6.939830113685389
1961,15.393493460201
1962,16.456286846641035
1963,19.499457870246772
1964,24.523006531018183
1965,29.01591460320239
1966,35.48920031255233
1967,41.431845433315004
1968,46.843849965490534
1969,52.39803921484915
1970,41.6542211896855
1971,35.27744105196666
1972,33.26769880169263
1973,30.087812276161685
1974,31.274963638075462
1975,31.291970724732295
1976,30.138833536132267
1977,29.29923556111521
1978,32.826675473542906
1979,35.18397111071366
1980,36.37112247262746
1981,37.87181304812427
1982,38.202359348364126
1983,38.846444862186985
1984,39.80406958959287
1985,40.677681737923734
1986,33.36095883779316
1987,28.238829599638166
1988,25.311294023458743
1989,21.795718847838486
1990,20.474737334193748
1991,18.56571622110819
1992,16.068655508581855
1993,13.729159531843209
1994,13.584257217080136
1995,12.85131530287623
1996,11.53033378923152
1997,10.366917011374483
1998,8.615460634076655
1999,7.021568992566472
2000,5.585242086844019
2001,4.106695837411621
2002,4.550745673484798
2003,4.479637441075539
2004,3.8933711401838025
2005,3.4451410277163603
2006,2.4817528467663976
2007,1.6564008542406725
2008,0.9690850501392703
2009,0.24478256082328187
2010,-0.9946779969751844
2011,-2.0961023663494274
2012,-3.0594905472993617
2013,-4.059865413463854
2014,-4.922204091204094
2015,-5.821529454158878
2016,-6.757841502328205
2017,-7.68424299806361
2018,-2.5261952347663765
2019,1.0015292631849064
2020,2.8989304957902675
2021,5.233175530746763
2022,5.937097300357294
2023,7.077862872318946
2024,8.655472246631717
2025,10.116029676885944
2026,9.946263841794263
2027,10.213341809053688
2028,10.917263578664247
2029,11.504133404216248
2030,12.527847032119396
2031,13.434508715964
2032,14.224118455750087
2033,15.045092169419163
2034,15.913658172755035
2035,16.76947186050876
2036,17.612533232680335
2037,18.459011577513763
2038,19.292737606764987
2039,20.12988060867812
2040,20.970440583253094
2041,21.81008498276276
2042,22.636977066690278
2043,23.467286123279635
2044,24.301012152530888
2045,25.133822606716834
2046,25.970050033564632
2047,26.805361885347132
2048,27.639758162064325
2049,28.47439976638087
2050,14.944546733502108
2051,5.263648438341022
2052,-0.5682951191024159
2053,-7.431562990221224
2054,-10.445876123622355
2055,-14.491513570698885
2056,-19.568475331450827
2057,-24.36909457521884
2058,-25.320759081269188
2059,-27.303747900994935
2060,-30.31806103439608
2061,-33.05603165081331
2062,-36.82532658090591
2063,-40.318278994014605
2064,-43.53488889013943
2065,-46.82554454052445
2066,-46.4705880718425
2067,-47.09247042638168
2068,-48.69119160414192
2069,-50.028169608084724
2070,-52.341986435248636
2071,-54.39406008859507
2072,-56.18439056812406
2073,-58.04485491970178
2074,-60.88215809450065
2075,-63.45771809548203
2076,-65.77153492264593
2077,-68.1554856218586
2078,-70.27769314725379
2079,-72.47003454469774
2080,-74.7325098141904
2081,-76.97619276930553
2082,-63.44154327779833
2083,-54.13468522327338
2084,-49.05561860573064
2085,-42.84371868688132
2086,-40.85961020501426
2087,-37.74266842184056
2088,-33.49289333736027
2089,-29.546660021124154
2090,-29.828218141870266
2091,-28.97694296130976
2092,-26.992834479442678
2093,-25.312267765819783
2094,-22.498867750890327
2095,-19.989009504205
2096,-17.782693025763848
2097,-15.495042775652593
2098,-1.9363745835582336
2099,8.602233453105015
2100,16.12078133433721
2101,24.448551895310572
2102,29.75626230085291
2103,35.873195386136445
2104,42.79935115116106
2105,49.508676352652145
2106,53.19794139871206
2107,57.6964291245132
2108,63.00413953005551
2109,68.09501937206426
2110,73.99512189381417
2111,79.67839385203044
2112,85.14483524671317
2113,90.66937621578916
2114,71.47952075663105
2115,58.911867861840875
2116,52.966417531418585
2117,45.246553371758594
2118,44.14889177646663
2119,41.276816351936944
2120,36.63032709816957
2121,32.459290596985056
2122,34.91045666016842
2123,35.58720889411413
2124,34.48954729882209
2125,33.86733845611295
2126,31.470715784166103
2127,29.5495458648021
2128,28.103828698021005
2129,26.530714350146127
2130,24.890107491295907
2131,23.267585196256675
2132,21.66314746502843
2133,20.05386398953155
2134,18.46266507784574
2135,16.866620421891284
2136,15.265730021668162
2137,13.666138034708581
2138,12.084630611559959
2139,10.498277444142701
2140,8.907078532456879
2141,7.317178034034541
2142,5.722431791343567
2143,4.128983961916106
2144,2.5368345457521286
2145,0.9443372208027512
2146,2.8440324461491002
2147,3.8079974978297173
2148,3.8362323758446166
2149,4.115195398226689
2150,3.4584282469430576
2151,3.052389240026571
2152,2.8970783774772713
2153,2.6745851111249834
2154,1.5163616711070205
2155,0.6088663754562162
2156,-0.04790077582742924
2157,-0.7718503309140061
2158,-1.2450717416334385
2159,-1.7854755561557738
2160,-2.3930617744810547
2161,-2.9826465219617546
2162,1.8490894508703235
2163,5.228186914784487
2164,7.154645869780737
2165,9.47033814013588
2166,10.333391901573094
2167,11.585678978369245
2168,13.22719937052426
2169,14.764425010161588
2170,14.849012140881001
2171,15.322832586959308
2172,16.185886348396508
2173,16.944645357316034
2174,18.092637681594468
2175,19.13633525335517
2176,20.075738072598185
2177,21.043086586553116
2178,9.253755257319696
2179,0.8825659901709741
2180,-4.07048121489305
2181,-9.939416825107529
2182,-12.39021037323728
2183,-15.756892326517502
2184,-20.039462684948177
2185,-24.07662148486176
2186,-24.695638222690647
2187,-26.230543365670002
2188,-28.68133691379977
2189,-30.886718903412444
2190,-34.00798929817557
2191,-36.8838481344216
2192,-39.514295412150545
2193,-42.21050051879742
2194,-43.202400717914244
2195,-44.650968040660175
2196,-46.556202487035165
2197,-48.339073346423895
2198,-50.578611329441685
2199,-52.69578572547323
2200,-54.69059653451852
2201,-56.718194567879756
2202,-59.20245972487008
2203,-61.56436129487413
2204,-63.80389927789195
2205,-66.07622448522571
2206,-68.22618610557322
2207,-70.40893495023664
2208,-72.62447101921603
2209,-74.83122177791789
2210,-64.02952791286233
2211,-56.71343627952757
2212,-52.88294687791358
2213,-48.11849317317392
2214,-46.839641700155
2215,-44.62682592401036
2216,-41.48004584474006
2217,-38.58352074625179
2218,-39.17259787948424
2219,-38.827710709591
2220,-37.54885923657214
2221,-36.520262744335255
2222,-34.55770194897265
2223,-32.84539613439209
2224,-31.38334530059356
2225,-29.854238846792654
2226,-11.481479074629732
2227,2.378037393288281
2228,11.724310556961399
2229,22.27990361925214
2230,28.322253377297955
2231,35.57392303396139
2232,44.034912589242424
2233,52.171865854298005
2234,55.79557581510858
2235,60.62860567453683
2236,66.6709554325827
2237,72.3892689004031
2238,79.31690226684097
2239,85.92049934305345
2240,92.20006012904045
2241,98.56644617731169
2242,77.22144569942651
2243,63.30168886237158
2244,56.80717566614706
2245,48.32307443275769
2246,47.264216840198614
2247,44.21577121047477
2248,39.17773754358606
2249,34.672812384526324
2250,37.593130866296946
2251,38.52386131090273
2252,37.46500371834367
2253,36.939254633613615
2254,34.42391751171867
2255,32.44168889765268
2256,30.992568791415607
2257,29.400602691027615
2258,27.2874032264111
2259,25.313867820807815
2260,23.479996474217643
2261,21.60870225580328
2262,19.877072096402117
2263,18.10801906517669
2264,16.301543162127018
2265,14.505094687361122
2266,12.848310271608412
2267,11.154102984031468
2268,9.422472824630262
2269,7.700870093512847
2270,5.941844490571199
2271,4.1928463159133145
2272,2.4538755695391927
2273,0.712217981854252
2274,1.6557109996485195
2275,1.879720081148676
2276,1.3842452263547784
2277,1.0815555112580313
2278,0.05938185986718736
2279,-0.7700066518264777
2280,-1.406610023822978
2281,-2.0948700183140403
2282,-3.502613949099242
2283,-4.7175727401872365
2284,-5.73974639157808
2285,-6.813576665463486
2286,-7.694621799651742
2287,-8.62732355633456
2288,-9.611681935511967
2289,-10.58219896440822
2290,-5.043099184881385
2291,-1.2482459722075703
2292,0.8023606736132223
2293,3.3203367784230267
2294,4.094066316379795
2295,5.335165313325618
2296,7.043633769260438
2297,8.62687095609219
2298,8.465861576070893
2299,8.77222165503862
2300,9.545951192995403
2301,10.194449461849103
2302,11.31031718969183
2303,12.300953648431474
2304,13.166358838068035
2305,14.065319645127886
2306,5.292314827154371
2307,-0.889094612369874
2308,-4.478908673444863
2309,-8.763138623283567
2310,-10.455773194673
2311,-12.842823654826134
2312,-15.924290003742982
2313,-18.819688176054242
2314,-19.12349096991622
2315,-20.12170965254191
2316,-21.814344223931315
2317,-23.32091061871516
2318,-25.52189290226272
2319,-27.536807009204693
2320,-29.36565293954108
2321,-31.24435568753607
2322,-31.46998513960861
2323,-32.138554246353024
2324,-33.25006300776931
2325,-34.242886446420556
2326,-35.678649539743674
2327,-36.99572731030174
2328,-38.19411975809475
2329,-39.42431384227609
2330,-41.09744758112931
2331,-42.65189599721749
2332,-44.08765909054061
2333,-45.55522382025207
2334,-46.90410322719843
2335,-48.284784270533166
2336,-49.69726695025618
2337,-51.10122840719097
2338,-51.3168823833785
2339,-51.85094238939211
2340,-52.703408425231814
2341,-53.47055782251444
2342,-54.556113249623145
2343,-55.55635203817477
2344,-56.47127418816927
2345,-57.409056862566075
2346,-58.665245566789
2347,-59.83611763245479
2348,-60.92167305956348
2349,-62.030089011074494
2350,-63.05318832402843
2351,-64.09914816138468
2352,-65.16796852314322
2353,-66.23066342584963
2354,-41.990416385710134
2355,-24.530072205287752
2356,-13.849630884582538
2357,-1.3525200678546696
2358,4.364687889156087
2359,11.8985653421895
2360,21.249112291245623
2361,30.11288411592821
2362,32.19675308089357
2363,36.09729154188166
2364,41.81449949889239
2365,47.04493233152962
2366,54.09203466018951
2367,60.652361864475836
2368,66.72591394438867
2369,72.92989702577293
2370,66.42570310707134
2371,63.32665495281452
2372,63.63275256300247
2373,63.02644411549723
2374,65.8252814324367
2375,67.71171269168296
2376,68.68573789323597
2377,69.90424156111716
2378,74.52789099344312
2379,78.23913436807584
2380,81.03797168501538
2381,84.08128746828305
2382,86.21219719385743
2383,88.58758538576004
2384,91.2074520439908
2385,93.76181089460215
2386,74.77168401190514
2387,61.55438468279192
2388,54.109912907262526
2389,45.1186166507062
2390,41.900147947733714
2391,37.134854763734324
2392,30.822737098708018
2393,24.925089804205527
2394,24.800270063286888
2395,23.128625841341304
2396,19.910157138368774
2397,17.10615880592013
2398,12.7553359924446
2399,8.818983549492913
2400,5.29710147706507
2401,1.6641624035687386
2402,1.908940408232553
2403,1.114687253326963
2404,-0.7185970611479604
2405,-2.2734738155055254
2406,-4.867381729432481
2407,-7.182882083242021
2408,-9.219974876934202
2409,-11.33166675152657
2410,-14.482389785688312
2411,-17.354705259732626
2412,-19.948613173659595
2413,-22.61712016848672
2414,-25.00721960319646
2415,-27.471918118806386
2416,-30.01121571531644
2417,-32.530524548343195
2418,-27.258525042300747
2419,-24.074200313693737
2420,-22.97755036252221
2421,-21.321509640678002
2422,-21.75314369626932
2423,-21.625386981187958
2424,-20.938239495433933
2425,-20.400980314935097
2426,-21.95139591187167
2427,-22.942420738135624
2428,-23.374054793726913
2429,-23.955577154573376
2430,-23.977708744747176
2431,-24.14972864017615
2432,-24.471636840860285
2433,-24.753382591196427
2434,-20.59687281473336
2435,-17.62959002247908
2436,-15.851534214433627
2437,-13.754825996352139
2438,-12.847344762479452
2439,-11.621211118570713
2440,-10.076425064625937
2441,-8.617021666616552
2442,-8.346845252815982
2443,-7.75801642897936
2444,-6.850535195106659
2445,-6.028436617169376
2446,-4.887685629196028
2447,-3.8323172971580988
2448,-2.8623316210555316
2449,-1.869467731247454
2450,-7.151948152167051
2451,-10.752955132799912
2452,-12.672488673146049
2453,-15.042571663911417
2454,-15.731181214390034
2455,-16.870340215287868
2456,-18.460048666604948
2457,-19.929032756531882
2458,-19.716543406172136
2459,-19.954603506231564
2460,-20.64321305671021
2461,-21.211098245798752
2462,-22.229532885306476
2463,-23.127243163424104
2464,-23.904229080151623
2465,-24.713562992020357
2466,-24.523523158414662
2467,-24.60126471284569
2468,-24.946787655313507
2469,-25.22055879110875
2470,-25.76211131494076
2471,-26.23191203210024
2472,-26.629960942587182
2473,-27.047235691727508
2474,-27.732291828904593
2475,-28.345596159409133
2476,-28.88714868324115
2477,-29.447927045726537
2478,-29.936953601539408
2479,-30.445205996005654
2480,-30.972684229125257
2481,-31.495010914303904
2482,-27.665272390935172
2483,-25.001666225604303
2484,-23.50419241831129
2485,-21.69425438741422
2486,-21.05044871455503
2487,-20.094178818091763
2488,-18.825444698024462
2489,-17.64043511433549
2490,-17.621557888684343
2491,-17.29021643942916
2492,-16.64641076656997
2493,-16.086329630089075
2494,-15.213784270004133
2495,-14.424963446297518
2496,-13.719867158969215
2497,-12.992336949731666
2498,7.702954807459221
2499,23.04790098321878
2500,33.04250157754704
2501,44.47072294964724
2502,50.54859874031612
2503,58.060095308756985
2504,67.00521265496974
2505,75.56619247152602
2506,78.77682670665101
2507,83.42108171954793
2508,89.49895751021677
2509,95.1926957712292
2510,102.32005481001354
2511,109.06327631914142
2512,115.42236029861284
2513,121.88437361893816
2514,95.26103252352839
2515,77.50288542511231
2516,68.60993232368997
2517,57.34155765002791
2518,54.93837697335957
2519,50.159774724451495
2520,43.00575090330372
2521,36.48821937412106
2522,38.835881841932064
2523,38.808122737503425
2524,36.404942060835054
2525,34.6382536761318
2526,30.496143719188822
2527,26.99052605421096
2528,24.121400681198168
2529,21.081727712564685
2530,17.577000945046876
2531,14.196884967377187
2532,10.941379779555518
2533,7.65248523122591
2534,4.488201472744322
2535,1.290528353754766
2536,-1.9405341257427864
2537,-5.162649953056416
2538,-8.260154990521926
2539,-11.391049388495489
2540,-14.555333146977006
2541,-17.710670253274657
2542,-20.899396720080276
2543,-24.079176534702015
2544,-27.250009697139816
2545,-30.423240107805285
2546,-30.10288379521495
2547,-30.718631223809126
2548,-32.27048239358773
2549,-33.57150532188422
2550,-35.80863199136522
2551,-37.79493041936405
2552,-39.53040060588076
2553,-41.3330800171415
2554,-44.07186316958678
2555,-46.559818080549874
2556,-48.796944750030846
2557,-51.10128064425592
2558,-53.15478829699879
2559,-55.275505174485744
2560,-57.46343127671673
2561,-59.63334872145364
2562,-43.99708886667932
2563,-33.131979839594436
2564,-27.03802164019892
2565,-19.665637429556966
2566,-17.064404046604466
2567,-13.184744652405485
2568,-8.026659246960051
2569,-3.2111270588110585
2570,-3.1667456983514484
2571,-1.843938326645386
2572,0.7572950563071288
2573,3.0159752219632168
2574,6.553081398865757
2575,9.747634358471856
2576,12.599634100781557
2577,15.543420701030499
2578,9.815421661491357
2579,6.411020581069224
2580,5.330217459764128
2581,3.6268081417790228
2582,4.246996782910941
2583,4.244579227362848
2584,3.61955547513476
2585,3.1613585505096893
2586,5.026759585001614
2587,6.269554422813542
2588,6.8897430639454456
2589,7.676758532680381
2590,7.841167804735321
2591,8.172403904393263
2592,8.670466831654238
2593,9.123828645183146
2594,6.058813336334055
2595,3.9365443360942862
2596,2.7570216444638476
2597,1.324890840774117
2598,0.8355063456936804
2599,0.09351373855395906
2600,-0.9010869806450472
2601,-1.8280015602162223
2602,-1.8121698311780605
2603,-2.0489462141991908
2604,-2.5383307092795917
2605,-2.9600290647321756
2606,-3.634335532244066
2607,-4.240955860128103
2608,-4.77989004838431
2609,-5.33696068309257
2610,-1.8775426237208777
2611,0.5056605336633666
2612,1.812648789060141
2613,3.4080079583267917
2614,3.927152225605994
2615,4.734667406755065
2616,5.830553501774034
2617,6.849170843300925
2618,6.791573282840353
2619,7.022346636249665
2620,7.541490903528867
2621,7.983366417316013
2622,8.713612844973028
2623,9.36659051913798
2624,9.942299439810888
2625,10.538712460582154
2626,-3.314139507818318
2627,-13.295322591146927
2628,-19.404836789403674
2629,-26.55176153877614
2630,-29.827017403076752
2631,-34.139683818493054
2632,-39.48976078502507
2633,-44.56186443216612
2634,-45.76229919423528
2635,-48.00014450742017
2636,-51.27540037172076
2637,-54.272682916630394
2638,-58.307376012655716
2639,-62.06409578929007
2640,-65.54284224653344
2641,-69.09607143022501
2642,-38.51892836247066
2643,-17.08699097686484
2644,-4.800259273407548
2645,9.936922907197939
2646,15.528899405654897
2647,23.571326381260064
2648,34.06420383401348
2649,43.900485060322595
2650,44.59156060448311
2651,47.73308662579187
2652,53.325063124248814
2653,58.26044339626145
2654,65.6462741454223
2655,72.37550866813885
2656,78.44814696441102
2657,84.69671968931232
2658,64.46085251077912
2659,51.32146961636175
2660,45.278571006060304
2661,37.33417516272988
2662,36.4862636035152
2663,33.7368548112716
2664,29.08594878599905
2665,24.944547408726606
2666,27.899630315569993
2667,28.953215989384404
2668,28.10530443016978
2669,27.766897518955346
2670,25.526993374711907
2671,23.796593878468542
2672,22.575699030225366
2673,21.21828282301064
2674,11.33446983073705
2675,3.735297971367288
2676,-1.5792327550986442
2677,-7.505931228121057
2678,-11.14798856823964
2679,-15.40221365491476
2680,-20.268606488146304
2681,-24.9709694680557
2682,-27.388691315061266
2683,-30.418580908623312
2684,-34.06063824874187
2685,-37.538665735538274
2686,-41.62886096889116
2687,-45.55502634892183
2688,-49.31716187563032
2689,-53.12324906907108
2690,-39.81565326357918
2691,-31.09365499717353
2692,-26.957254269854104
2693,-21.592146385122362
2694,-20.8126360394769
2695,-18.80441853641915
2696,-15.567493875949054
2697,-12.659800306041944
2698,-14.337704275221057
2699,-14.786901086987882
2700,-14.007390741342448
2701,-13.557111486259942
2702,-11.87812507376512
2703,-10.528369751833267
2704,-9.507845520464386
2705,-8.399104084255953
2706,-5.629679975008088
2707,-3.3052344468854926
2708,-1.4257674998881669
2709,0.5729310985708338
2710,2.1266511159045223
2711,3.7996027846998714
2712,5.591786104956924
2713,7.352021400492575
2714,8.667278114902984
2715,10.10176648077507
2716,11.655486498108786
2717,13.17725849072113
2718,14.818262134795106
2719,16.427317754147722
2720,18.004425348778923
2721,19.590093390834014
2722,15.636800078470372
2723,13.167666987930417
2724,12.182694119214176
2725,10.800041717621866
2726,10.901549537853256
2727,10.605377825208578
2728,9.911526579687859
2729,9.324233243847658
2730,10.221100129831171
2731,10.720287482938645
2732,10.821795303170006
2733,11.029861033081929
2734,10.84024723011781
2735,10.757191336834211
2736,10.7806933532311
2737,10.775643263781973
2738,7.777587167313698
2739,5.581504613367741
2740,4.187395601944033
2741,2.5783984274503524
2742,1.7713747954789625
2743,0.7494630004375864
2744,-0.4873369576737474
2745,-1.666557806027484
2746,-2.043805111858944
2747,-2.6359405807603835
2748,-3.4429642127317948
2749,-4.19240873494558
2750,-5.156741420229338
2751,-6.063494995755505
2752,-6.912669461524061
2753,-7.777272203253062
2754,-6.529979330541849
2755,-5.848567182218716
2756,-5.733035758283677
2757,-5.465877051236511
2758,-5.764599068577411
2759,-5.911693802806205
2760,-5.907161253922851
2761,-5.943257113099939
2762,-6.545233696665129
2763,-6.995582997118191
2764,-7.29430501445912
2765,-7.633655439860462
2766,-7.82137858214967
2767,-8.049730132499313
2768,-8.318710090909356
2769,-8.576803700189863
2770,-6.521153369956721
2771,-5.085468859808678
2772,-4.269750169745691
2773,-3.287912138856022
2774,-2.926039928051445
2775,-2.3980483764201708
2776,-1.7039374839621928
2777,-1.0543381347259242
2778,-1.0247046055747262
2779,-0.8289517355968457
2780,-0.46707952479226833
2781,-0.14971885720939326
2782,0.3337611512001857
2783,0.7727296163880695
2784,1.1671865383542297
2785,1.5735702923805093
2786,2.834696243560721
2787,3.8667947132767324
2788,4.669865701528558
2789,5.534304418483238
2790,6.169715653973718
2791,6.866494618167074
2792,7.624641311063286
2793,8.366344570612242
2794,8.879020348696997
2795,9.453063855484622
2796,10.088475090975091
2797,10.707442893118305
2798,11.387778423964399
2799,12.051670521463208
2800,12.69911918561477
2801,13.350973854452523
2802,13.889056744501723
2803,14.45762469079876
2804,15.056677693343644
2805,15.647562249685713
2806,16.268931862275615
2807,16.882133028662693
2808,17.487165748846934
2809,18.09438719759465
2810,18.73209370259021
2811,19.361631761382935
2812,19.983001373972836
2813,20.606559715126206
2814,21.22194961007675
2815,21.839528233590755
2816,22.45929558566823
2817,23.078476469694678
2818,8.311147443125098
2819,-2.3333786785668167
2820,-8.855101895381047
2821,-16.481526821109945
2822,-19.985148841961163
2823,-24.593472571727048
2824,-30.30649801040758
2825,-35.723519518307164
2826,-37.01773812132909
2827,-39.416658433265674
2828,-42.92028045411689
2829,-46.12789854418717
2830,-50.440218343172084
2831,-54.45653421137603
2832,-58.176846148799044
2833,-61.976472100431245
2834,-54.29730258771679
2835,-49.69386704975608
2836,-48.166165486549076
2837,-45.814323488673864
2838,-46.538215465552355
2839,-46.43796700776262
2840,-45.51357811530464
2841,-44.81001698676587
2842,-47.1821898329808
2843,-48.730222244527525
2844,-49.45411422140599
2845,-50.39883396220365
2846,-50.519413268333096
2847,-50.86082033838174
2848,-51.42305517234955
2849,-51.92611938530884
2850,-24.75235388978419
2851,-4.994572563701496
2852,7.347224592939142
2853,21.676128718863794
2854,28.589048675346504
2855,37.48907560111317
2856,48.376209496163796
2857,58.730899683520505
2858,61.669605701435216
2859,66.59541868863397
2860,73.50833864511665
2861,79.88881489390545
2862,88.25639811197817
2863,96.09153762235698
2864,103.39423342504199
2865,110.83959708921861
2866,75.18491595593636
2867,51.078857019878484
2868,38.52142028104487
2869,22.869539550772828
2870,18.766281017725134
2871,11.568578493239045
2872,1.2764319773145303
2873,-8.186560770080717
2874,-6.100931320251647
2875,-7.109745861860915
2876,-11.213004394908694
2877,-14.487109159427149
2878,-20.855657915384
2879,-26.395052902811585
2880,-31.105294121709903
2881,-36.03770642328686
2882,-22.293447994763824
2883,-13.553588405673054
2884,-9.818127656014553
2885,-4.741742278726946
2886,-4.669755740871608
2887,-3.256844575387163
2888,-0.5030087822735254
2889,1.8915273397558536
2890,-0.7183353776471364
2891,-1.9872734674209624
2892,-1.9152869295656245
2893,-2.202600062794488
2894,-1.1489885683943015
2895,-0.45467674507831646
2896,-0.11966459284654718
2897,0.3116216160929923
2898,-0.12990331459032234
2899,-0.33755920526682814
2900,-0.31134605593649667
2901,-0.3477979270106033
2902,-0.15038075807788687
2903,-0.015628609549651173
2904,0.056458518574075356
2905,0.14533668830887336
2906,0.4680838980505513
2907,0.72816608738772
2908,0.9255832563204365
2909,1.139791466864196
2910,1.291334657003489
2911,1.459668888753825
2912,1.6447941621152466
2913,1.8254202894369058
2914,3.2111625630900704
2915,4.2739949385480145
2916,5.01391741581071
2917,5.840363339522824
2918,6.343899365039732
2919,6.933958837006088
2920,7.610541755421821
2921,8.26394078623504
2922,8.594429918853095
2923,9.011442497920555
2924,9.514978523437435
2925,9.995330661351844
2926,10.562206245715657
2927,11.105897942477014
2928,11.626405751635886
2929,12.153125664755237
2930,9.15988932753126
2931,7.109822424979626
2932,6.002924957100419
2933,4.643306000875015
2934,4.226856479321967
2935,3.5576854694227507
2936,2.6357929711773522
2937,1.7816169916442988
2938,1.8706104467836724
2939,1.7068824135768494
2940,1.2904328920238157
2941,0.9416998891831554
2942,0.3402453979962985
2943,-0.19349257447821344
2944,-0.6595140282403662
2945,-1.1436800685057449
2946,-2.798200866333005
2947,-4.1391260520136655
2948,-5.1664556255476555
2949,-6.27781289010629
2950,-7.075574542518282
2951,-7.957363885954926
2952,-8.923180920416186
2953,-9.866482802925574
2954,-10.496189073288292
2955,-11.209923034675654
2956,-12.00768468708766
2957,-12.782931187547746
2958,-13.64220537903249
2959,-14.478964418565319
2960,-15.29320830614624
2961,-16.11348511051014
2962,-13.514506630412697
2963,-11.831714842502521
2964,-11.06510974677959
2965,-10.053013166768956
2966,-9.957103278945603
2967,-9.615701906834524
2968,-9.028809050435711
2969,-8.507695439000535
2970,-8.902768519752598
2971,-9.052350116216964
2972,-8.956440228393589
2973,-8.92630958553383
2974,-8.650687458386372
2975,-8.440844576202508
2976,-8.296780938982266
2977,-8.135091806195291
2978,-6.60696436979751
2979,-5.444972973359199
2980,-4.649117616880368
2981,-3.7551564041744427
2982,-3.2273312314280034
2983,-2.601400202454478
2984,-1.877363317253895
2985,-1.1796138170021209
2986,-0.8480003567098251
2987,-0.41828104019045753
2988,0.10954413255599604
2989,0.6110819203536195
2990,1.2107255643783361
2991,1.7840818234542297
2992,2.3311506975813145
2993,2.8852632552765556
2994,3.6859510427611895
2995,4.420569196550225
2996,5.089117716643685
2997,5.775369541730086
2998,6.395551733120939
2999,7.033437229504727
3000,7.689026030881443
3001,8.339871245981954
3002,8.924646827386887
3003,9.527125713784777
3004,10.147307905175595
3005,10.762746510290192
3006,11.395888420397739
3007,12.024286744229073
3008,12.647941481784187
3009,13.272867259451246
3010,9.911314045569931
3011,7.61793465811764
3012,6.392729097094367
3013,4.881307221903384
3014,4.438059173141411
3015,3.7085948102117285
3016,2.6929141331143356
3017,1.753924886258794
3018,1.8831094658322414
3019,1.726077731237993
